Title,Sensi Board
Revision,Draft
Date,2019-10-01
Generated,Wed 23 Oct 2019 13:36:07 BST
Company,
Comment 1,
Comment 2,
Comment 3,
Comment 4,
Total Parts,434
Total Unique Parts,78



Ref,Qty,Value,Footprint,Datasheet,Devtank,Dielectric,Tolerance,Voltage,
C1 C3 C7 C8 C20 C21 C22 C25 C32 C35 C39 C43 C48 C51 C62 C70 C81 C82 ,18,100nF,Capacitor_SMD:C_0603_1608Metric,,105-002, , , 
C2 C4 C5 C6 C9 C12 C14 C15 C16 C17 C18 C19 C23 C24 C26 C27 C28 C29 C30 C56 C60 C61 C66 C67 C73 C74 C79 C80 ,28,100nF,Capacitor_SMD:C_0402_1005Metric,,105-019, , , 
C10 C11 ,2,10uF,Capacitor_SMD:C_0805_2012Metric,,105-001, , , 
C13 ,1,100uF,Capacitor_SMD:CP_Elec_6.3x7.7,,108-003, , , 
C31 C33 C34 C36 C38 C41 C42 C44 ,8,1uF,Capacitor_SMD:C_0603_1608Metric,,105-014, , , 
C37 C40 C45 C46 C53 C68 C72 C83 C92 C94 C95 C96 C97 C98 C99 C101 ,16,0.1uF,Capacitor_SMD:C_0402_1005Metric,,105-019, , , 
C47 C49 C50 C54 C59 C65 C69 C71 ,8,1nF,Capacitor_SMD:C_0603_1608Metric,,106-004, , , 
C52 ,1,DNF,Capacitor_SMD:C_0603_1608Metric,, , , , 
C55 C102 C104 ,3,4.7uF,Capacitor_SMD:C_0402_1005Metric,,105-025,X5R, ,6.3V
C57 C58 C63 C64 ,4,DNF,Capacitor_SMD:C_0805_2012Metric,, , , , 
C75 C76 ,2,18pF,Capacitor_SMD:C_0603_1608Metric,,106-003, , , 
C77 C78 ,2,4.3pF,Capacitor_SMD:C_0603_1608Metric,,106-014, , , 
C88 C89 ,2,33pF,Capacitor_SMD:C_0603_1608Metric,,106-015, , , 
C90 ,1,0.1uF,Capacitor_SMD:C_0603_1608Metric,,105-002, , , 
C91 ,1,1.0uF ,Capacitor_SMD:C_0402_1005Metric,,105-026,X5R, ,16V
C100 C103 C105 ,3,4.7uF ,Capacitor_SMD:C_0402_1005Metric,,105-025,X5R, ,6.3V
C106 ,1,DNF,Capacitor_SMD:C_0402_1005Metric,, , , , 
D1 ,1,B240A-13,Diode_SMD:D_SMA,,133-008, , , 
D2 D3 D5 D13 ,4,GRN,LED_SMD:LED_0603_1608Metric,~,110-002, , , 
D4 ,1,BAT54T1G,Diode_SMD:D_SOD-123,,133-007, , , 
D14 D16 D18 D20 D22 D24 ,6,BAV99,Package_TO_SOT_SMD:SOT-23,www.nxp.com/documents/data_sheet/BAV99_SER.pdf,134-001, , , 
D32 ,1,MBR230LSFT1G,Diode_SMD:D_SOD-123,,133-006, , , 
F1 ,1,Polyfuse,Resistor_SMD:R_1206_3216Metric,,190-003, , , 
J1 J2 J4 J5 J7 J8 J9 ,7,Conn_02x06_Top_Bottom,Devtank_PCB_Lib:Molex2x06,~,711-004, , , 
J3 ,1,Conn_03x32_DIN41612,Devtank_PCB_Lib:Socket_DIN41612-CaseC1-full-Male-96Pin-3rows_correct,,717-002, , , 
J6 ,1,Conn_02x10_Counter_Clockwise,Devtank_PCB_Lib:Molex_Milligrid_2x10,~,711-005, , , 
J10 ,1,Conn_02x05_Counter_Clockwise,Connector_PinHeader_2.54mm:PinHeader_2x05_P2.54mm_Vertical,~,710-020, , , 
JP1 ,1,Jumper_NC_Dual,Connector_PinHeader_2.54mm:PinHeader_1x03_P2.54mm_Vertical,,710-014, , , 
JP2 JP3 JP4 JP5 ,4,Jumper_NC_Small,Connector_PinHeader_1.27mm:PinHeader_1x02_P1.27mm_Vertical,,714-005, , , 
K1 ,1,HRS1KH-S,Devtank_PCB_Lib:Relay_SPDT_HRS1KH-S,,141-002, , , 
L1 ,1,500mA/0.10DCR,Inductor_SMD:L_0805_2012Metric,,113-004, , , 
L3 L4 L6 L7 L11 ,5,2A/0.05DCR,Inductor_SMD:L_0805_2012Metric,,113-002, , , 
Q2 Q7 Q8 Q10 Q11 ,5,ZXMN6A07F,Package_TO_SOT_SMD:SOT-23,,170-002, , , 
R1 R2 R5 R6 R50 ,5,470R,Resistor_SMD:R_0603_1608Metric,,101-001, , , 
R3 R4 R7 R12 R14 R18 R21 R24 R26 R37 R38 R52 R99 R102 R105 R111 R120 R132 R133 R147 R148 R159 R160 R161 R162 ,25,10K,Resistor_SMD:R_0603_1608Metric,,101-010, , , 
R8 R9 ,2,DNF,Resistor_SMD:R_1206_3216Metric,, , , , 
R10 R11 ,2,0R,Resistor_SMD:R_1206_3216Metric,,101-007, , , 
R13 R49 R53 R55 R63 R64 R65 R67 ,8,10R,Resistor_SMD:R_0603_1608Metric,,101-058, , , 
R15 R16 ,2,4K7,Resistor_SMD:R_0603_1608Metric,,101-009, , , 
R17 R31 R33 R36 R74 R77 R96 R108 R110 R112 R137 R138 R143 R144 ,14,DNF,Resistor_SMD:R_0603_1608Metric,, , , , 
R19 R22 R25 R27 ,4,16K,Resistor_SMD:R_0603_1608Metric,,101-052, , , 
R20 ,1,47K,Resistor_SMD:R_0603_1608Metric,,101-016, , , 
R23 R28 R29 R35 ,4,100R,Resistor_SMD:R_0603_1608Metric,,101-018, , , 
R30 R32 R34 R60 R61 R66 R76 R79 R80 R83 R84 R114 R116 R121 R149 ,15,0R,Resistor_SMD:R_0603_1608Metric,,101-005, , , 
R39 R40 R90 R93 R94 R95 R106 R107 R139 R140 ,10,100K,Resistor_SMD:R_0603_1608Metric,,101-015, , , 
R41 R45 R85 R86 R97 R98 ,6,DNF,Resistor_SMD:R_0805_2012Metric,, , , , 
R42 R43 R88 R89 R100 R101 R119 R122 R125 R126 R127 R128 R129 R130 R151 R152 R153 R154 ,18,1K,Resistor_SMD:R_0603_1608Metric,,101-012, , , 
R44 R46 R91 R92 R103 R104 ,6,0R,Resistor_SMD:R_0805_2012Metric,,101-006, , , 
R47 R51 ,2,4.7K,Resistor_SMD:R_0603_1608Metric,,101-009, , , 
R48 ,1,2K2,Resistor_SMD:R_0603_1608Metric,,101-011, , , 
R54 R57 R69 R70 ,4,30R,Resistor_SMD:R_0603_1608Metric,,103-004, ,0.1%, 
R56 R58 R71 R72 ,4,12.4K,Resistor_SMD:R_0603_1608Metric,,103-003, ,0.1%, 
R59 R62 R73 R113 R115 R123 R155 R156 ,8,DNF,Resistor_SMD:R_0603_1608Metric,, , ,0.1%, 
R68 R131 R157 R158 ,4,1.58K,Resistor_SMD:R_0603_1608Metric,,103-005, ,0.1%, 
R75 ,1,10K ,Resistor_SMD:R_0603_1608Metric,,101-010, , , 
R78 ,1,24K,Resistor_SMD:R_0603_1608Metric,,101-055, , , 
R81 R82 R124 R141 R142 ,5,330R,Resistor_SMD:R_0603_1608Metric,,101-024, , , 
R87 ,1,1M,Resistor_SMD:R_0603_1608Metric,,101-056, , , 
R109 ,1,12.0K ,Resistor_SMD:R_0603_1608Metric,,101-044, ,1%, 
R117 R118 R134 R135 R136 R145 R146 R150 ,8,10M,Resistor_SMD:R_0603_1608Metric,,101-057, , , 
SW1 ,1,SW_Push,Button_Switch_SMD:SW_SPST_B3U-1000P,,780-001, , , 
SW2 SW3 SW4 SW5 ,4,SW_DIP_x04,Button_Switch_SMD:SW_DIP_SPSTx04_Slide_Copal_CHS-04B_W7.62mm_P1.27mm,,193-003, , , 
TP1 TP2 TP3 TP4 TP5 TP6 TP7 TP8 TP9 TP10 TP11 TP12 TP13 TP14 TP15 TP16 TP17 TP18 TP19 TP25 TP26 TP27 TP28 TP29 TP30 TP31 TP32 TP33 TP34 TP35 TP36 TP37 TP38 TP39 TP40 TP45 TP46 TP49 TP51 TP52 TP53 TP54 TP55 TP56 TP57 TP58 TP59 TP60 TP61 TP62 TP63 TP64 TP65 TP66 TP67 TP68 TP69 TP70 TP71 TP72 TP73 TP74 TP75 TP76 TP77 TP78 TP79 TP80 TP81 TP82 TP83 TP84 TP85 TP86 TP87 TP88 TP89 TP90 TP91 TP92 TP93 TP94 TP95 TP96 TP97 TP98 TP99 TP100 TP101 TP102 TP103 TP104 TP105 TP106 TP107 TP126 ,96,Test_Point,TestPoint:TestPoint_THTPad_D1.0mm_Drill0.5mm,~, , , , 
U1 ,1,INA250A4,Package_SO:TSSOP-16_4.4x5mm_P0.65mm,,119-002, , , 
U2 ,1,LD1117S33TR_SOT223,Package_TO_SOT_SMD:SOT-223-3_TabPin2,http://www.st.com/st-web-ui/static/active/en/resource/technical/document/datasheet/CD00000544.pdf,150-004, , , 
U3 ,1,AT25DN512CSSHF-B,Package_SO:SOIC-8_3.9x4.9mm_P1.27mm,http://www.atmel.com/products/Memories/serial/spi.aspx,129-002, , , 
U4 U5 ,2,AD8646,Package_SO:SOIC-8_3.9x4.9mm_P1.27mm,,120-006, , , 
U6 ,1,LM75B,Package_SO:SOIC-8_3.9x4.9mm_P1.27mm,http://www.ti.com/lit/ds/symlink/lm75b.pdf,155-005, , , 
U7 ,1,DNF,Package_SO:SOIC-8_3.9x4.9mm_P1.27mm,, , , , 
U8 U9 U10 U11 ,4,MAX31865,Package_DFN_QFN:TQFN-20-1EP_5x5mm_P0.65mm_EP3.1x3.1mm,,155-006, , , 
U12 U16 U19 U20 U21 U23 U24 U25 ,8,MAX4194,Package_SO:SOIC-8_3.9x4.9mm_P1.27mm,,120-005, , , 
U13 ,1,CP2102N-A01-GQFN24,Package_DFN_QFN:QFN-24-1EP_4x4mm_P0.5mm_EP2.6x2.6mm_ThermalVias,http://www.silabs.com/support%20documents/technicaldocs/cp2102n-datasheet.pdf,118-007, , , 
U14 U15 U17 U18 ,4,BTS4140N,Package_TO_SOT_SMD:SOT-223,,146-001, , , 
U22 ,1,STM32F072RBTx,Package_QFP:LQFP-64_10x10mm_P0.5mm,http://www.st.com/st-web-ui/static/active/en/resource/technical/document/datasheet/DM00090510.pdf,126-001, , , 
U27 ,1,USB2502,Package_DFN_QFN:QFN-36-1EP_6x6mm_P0.5mm_EP3.7x3.7mm,DOCUMENTATION,118-012, , , 
Y1 ,1,50ppm 24.000MHZ,Crystal:Crystal_SMD_TXC_7A-2Pin_5x3.2mm,,181-010, , , 
Y2 ,1,8MHZ,Crystal:Crystal_SMD_Abracon_ABM3C-4Pin_5.0x3.2mm,,181-009, , , 
Y3 ,1,ABS25-32.768KHZ-6-T,Crystal:Crystal_SMD_7050-4Pin_7.0x5.0mm,,181-008, , , 




BOM made with KICAD_BOM_WIZARD (https://github.com/HashDefineElectronics/KiCad_BOM_Wizard.git)
Generated Wed 23 Oct 2019 13:36:07 BST
